chunk_index,token_density,heading_depth,neighbor_overlap,source_file,page
0,395,0,0.22522522522522523,unknown,-1
1,543,0,0.22270742358078602,unknown,-1
2,466,0,0.2572614107883817,unknown,-1
3,453,0,0.24596774193548387,unknown,-1
4,511,0,0.23904382470119523,unknown,-1
5,435,0,0.21951219512195122,unknown,-1
6,431,0,0.23809523809523808,unknown,-1
7,458,0,0.12690355329949238,unknown,-1
8,82,0,0.0963855421686747,unknown,-1
9,545,0,0.19886363636363635,unknown,-1
10,505,0,0.25,unknown,-1
11,448,0,0.3076923076923077,unknown,-1
12,483,0,0.8457446808510638,unknown,-1
13,434,0,0.3076923076923077,unknown,-1
14,583,0,0.18045112781954886,unknown,-1
15,446,0,0.20833333333333334,unknown,-1
16,620,0,0.2696969696969697,unknown,-1
17,752,0,0.2929936305732484,unknown,-1
18,580,0,0.3388704318936877,unknown,-1
19,552,0,0.3333333333333333,unknown,-1
20,597,0,0.3114754098360656,unknown,-1
21,583,0,0.3569230769230769,unknown,-1
22,590,0,0.240625,unknown,-1
23,388,0,0.22697368421052633,unknown,-1
24,610,0,0.32131147540983607,unknown,-1
25,528,0,0.22413793103448276,unknown,-1
26,587,0,0.16049382716049382,unknown,-1
27,461,0,0.2857142857142857,unknown,-1
28,456,0,0.21951219512195122,unknown,-1
29,489,0,0.20766773162939298,unknown,-1
30,481,0,0.24814814814814815,unknown,-1
31,484,0,0.6098901098901099,unknown,-1
32,462,0,0.5118483412322274,unknown,-1
33,510,0,0.4264705882352941,unknown,-1
34,460,0,0.24770642201834864,unknown,-1
35,515,0,0.2023121387283237,unknown,-1
36,494,0,0.20059880239520958,unknown,-1
37,540,0,0.23314606741573032,unknown,-1
38,647,0,0.34513274336283184,unknown,-1
39,548,0,0.34705882352941175,unknown,-1
40,630,0,0.3293768545994065,unknown,-1
41,547,0,0.24705882352941178,unknown,-1
42,476,0,0.24085365853658536,unknown,-1
43,441,0,0.2564935064935065,unknown,-1
44,420,0,0.2,unknown,-1
45,484,0,0.24068767908309455,unknown,-1
46,595,0,0.25732899022801303,unknown,-1
47,452,0,0.20912547528517111,unknown,-1
48,437,0,0.2851985559566787,unknown,-1
49,493,0,0.2077562326869806,unknown,-1
50,641,0,0.25316455696202533,unknown,-1
51,458,0,0.23272727272727273,unknown,-1
52,589,0,0.1838006230529595,unknown,-1
53,529,0,0.24929178470254956,unknown,-1
54,627,0,0.3042168674698795,unknown,-1
55,556,0,0.24503311258278146,unknown,-1
56,416,0,0.2736156351791531,unknown,-1
57,583,0,0.2834890965732087,unknown,-1
58,621,0,0.26578073089701,unknown,-1
59,475,0,0.34397163120567376,unknown,-1
60,487,0,0.2515923566878981,unknown,-1
61,589,0,0.28852459016393445,unknown,-1
62,661,0,0.2508591065292096,unknown,-1
63,620,0,0.19784172661870503,unknown,-1
64,620,0,0.34545454545454546,unknown,-1
65,668,0,0.23100303951367782,unknown,-1
66,548,0,0.28338762214983715,unknown,-1
67,603,0,0.2422360248447205,unknown,-1
68,522,0,0.2469879518072289,unknown,-1
69,565,0,0.25595238095238093,unknown,-1
70,556,0,0.25617283950617287,unknown,-1
71,623,0,0.25165562913907286,unknown,-1
72,508,0,0.219435736677116,unknown,-1
73,504,0,0.24641833810888253,unknown,-1
74,576,0,0.27714285714285714,unknown,-1
75,537,0,0.25252525252525254,unknown,-1
76,345,0,0.3933649289099526,unknown,-1
77,417,0,0.1918819188191882,unknown,-1
78,472,0,0.3402777777777778,unknown,-1
79,559,0,0.255663430420712,unknown,-1
80,483,0,0.22388059701492538,unknown,-1
81,652,0,0.21243523316062177,unknown,-1
82,605,0,0.27113702623906705,unknown,-1
83,511,0,0.22093023255813954,unknown,-1
84,434,0,0.16728624535315986,unknown,-1
85,158,0,0.15,unknown,-1
86,544,0,0.27976190476190477,unknown,-1
87,728,0,0.3270440251572327,unknown,-1
88,558,0,0.2966666666666667,unknown,-1
89,668,0,0.27181208053691275,unknown,-1
90,455,0,0.25077399380804954,unknown,-1
91,568,0,0.25301204819277107,unknown,-1
92,533,0,0.1987179487179487,unknown,-1
93,478,0,0.22058823529411764,unknown,-1
94,461,0,0.32421875,unknown,-1
95,530,0,0.39338235294117646,unknown,-1
96,476,0,0.26198083067092653,unknown,-1
97,451,0,0.28530259365994237,unknown,-1
98,629,0,0.23699421965317918,unknown,-1
99,458,0,0.2518248175182482,unknown,-1
100,411,0,0.22569444444444445,unknown,-1
101,516,0,0.26198083067092653,unknown,-1
102,477,0,0.2560240963855422,unknown,-1
103,472,0,0.3016949152542373,unknown,-1
104,466,0,0.31313131313131315,unknown,-1
105,470,0,0.23582089552238805,unknown,-1
106,457,0,0.20469798657718122,unknown,-1
107,415,0,0.2764505119453925,unknown,-1
108,492,0,0.22126436781609196,unknown,-1
109,402,0,0.17575757575757575,unknown,-1
110,358,0,0.2125,unknown,-1
111,546,0,0.27873563218390807,unknown,-1
112,574,0,0.2542857142857143,unknown,-1
113,479,0,0.267515923566879,unknown,-1
114,392,0,0.21070234113712374,unknown,-1
115,364,0,0.27956989247311825,unknown,-1
116,389,0,0.28,unknown,-1
117,259,0,0.21875,unknown,-1
118,463,0,0.19047619047619047,unknown,-1
119,548,0,0.17647058823529413,unknown,-1
120,465,0,0.2222222222222222,unknown,-1
121,481,0,0.21296296296296297,unknown,-1
122,496,0,0.2188449848024316,unknown,-1
123,542,0,0.28391167192429023,unknown,-1
124,452,0,0.25,unknown,-1
125,659,0,0.2913907284768212,unknown,-1
126,446,0,0.22560975609756098,unknown,-1
127,519,0,0.2797427652733119,unknown,-1
128,413,0,0.3380281690140845,unknown,-1
129,508,0,0.2616487455197133,unknown,-1
130,460,0,0.3333333333333333,unknown,-1
131,446,0,0.2857142857142857,unknown,-1
132,511,0,0.18956043956043955,unknown,-1
133,471,0,0.19337016574585636,unknown,-1
134,588,0,0.23723723723723725,unknown,-1
135,572,0,0.32608695652173914,unknown,-1
136,657,0,0.2916666666666667,unknown,-1
137,582,0,0.24709302325581395,unknown,-1
138,609,0,0.1981981981981982,unknown,-1
139,418,0,0.3054545454545455,unknown,-1
140,446,0,0.2490272373540856,unknown,-1
141,492,0,0.17981072555205047,unknown,-1
142,657,0,0.24128686327077747,unknown,-1
143,562,0,0.23283582089552238,unknown,-1
144,521,0,0.23255813953488372,unknown,-1
145,511,0,0.205607476635514,unknown,-1
146,394,0,0.36507936507936506,unknown,-1
147,256,0,0.2610619469026549,unknown,-1
148,381,0,0.20257234726688103,unknown,-1
149,709,0,0.3560371517027864,unknown,-1
150,665,0,0.2722371967654987,unknown,-1
151,676,0,0.2048780487804878,unknown,-1
152,668,0,0.26666666666666666,unknown,-1
153,600,0,0.35777126099706746,unknown,-1
154,678,0,0.30659025787965616,unknown,-1
155,639,0,0.19505494505494506,unknown,-1
156,554,0,0.27002967359050445,unknown,-1
157,494,0,0.30363036303630364,unknown,-1
158,439,0,0.30944625407166126,unknown,-1
159,521,0,0.29372937293729373,unknown,-1
160,442,0,0.31690140845070425,unknown,-1
161,440,0,0.28,unknown,-1
162,315,0,0.22267206477732793,unknown,-1
163,436,0,0.332089552238806,unknown,-1
164,478,0,0.34551495016611294,unknown,-1
165,611,0,0.3181818181818182,unknown,-1
166,473,0,0.23893805309734514,unknown,-1
167,638,0,0.2958579881656805,unknown,-1
168,512,0,0.30844155844155846,unknown,-1
169,542,0,0.32280701754385965,unknown,-1
170,405,0,0.3277027027027027,unknown,-1
171,438,0,0.2807570977917981,unknown,-1
172,532,0,0.24537037037037038,unknown,-1
173,109,0,0.23529411764705882,unknown,-1
174,475,0,0.2936802973977695,unknown,-1
175,451,0,0.3958333333333333,unknown,-1
176,354,0,0.4622222222222222,unknown,-1
177,388,0,0.2467948717948718,unknown,-1
178,637,0,0.2197452229299363,unknown,-1
179,417,0,0.22529644268774704,unknown,-1
180,360,0,0.35714285714285715,unknown,-1
181,376,0,0.2148997134670487,unknown,-1
182,723,0,0.28955223880597014,unknown,-1
183,570,0,0.264026402640264,unknown,-1
184,480,0,0.40892193308550184,unknown,-1
185,560,0,0.2911392405063291,unknown,-1
186,559,0,0.23822714681440443,unknown,-1
187,638,0,0.3008849557522124,unknown,-1
188,611,0,0.23006134969325154,unknown,-1
189,639,0,0.2702702702702703,unknown,-1
190,561,0,0.315625,unknown,-1
191,543,0,0.4128787878787879,unknown,-1
192,636,0,0.456,unknown,-1
193,556,0,0.5108225108225108,unknown,-1
194,539,0,0.19463087248322147,unknown,-1
195,530,0,0.2624113475177305,unknown,-1
196,482,0,0.22611464968152867,unknown,-1
197,500,0,0.2185792349726776,unknown,-1
198,543,0,0.259946949602122,unknown,-1
199,624,0,0.25,unknown,-1
200,589,0,0.18674698795180722,unknown,-1
201,584,0,0.17073170731707318,unknown,-1
202,435,0,0.2594142259414226,unknown,-1
203,595,0,0.3047945205479452,unknown,-1
204,578,0,0.1962025316455696,unknown,-1
205,539,0,0.2746268656716418,unknown,-1
206,507,0,0.28448275862068967,unknown,-1
207,545,0,0.2396694214876033,unknown,-1
208,732,0,0.28763440860215056,unknown,-1
209,651,0,0.23055555555555557,unknown,-1
210,591,0,0.35353535353535354,unknown,-1
211,614,0,0.1919191919191919,unknown,-1
212,381,0,0.2509090909090909,unknown,-1
213,476,0,0.24633431085043989,unknown,-1
214,646,0,0.17329545454545456,unknown,-1
215,432,0,0.2686084142394822,unknown,-1
216,601,0,0.3395638629283489,unknown,-1
217,524,0,0.24853801169590642,unknown,-1
218,539,0,0.2681564245810056,unknown,-1
219,665,0,0.2602739726027397,unknown,-1
220,666,0,0.3576158940397351,unknown,-1
221,543,0,0.2229299363057325,unknown,-1
222,453,0,0.3533834586466165,unknown,-1
223,649,0,0.31679389312977096,unknown,-1
224,487,0,0.4156378600823045,unknown,-1
225,433,0,0.37662337662337664,unknown,-1
226,421,0,0.31932773109243695,unknown,-1
227,485,0,0.33444816053511706,unknown,-1
228,702,0,0.2755417956656347,unknown,-1
229,645,0,0.2765957446808511,unknown,-1
230,458,0,0.23333333333333334,unknown,-1
231,621,0,0.34459459459459457,unknown,-1
232,718,0,0.2689075630252101,unknown,-1
233,543,0,0.3103448275862069,unknown,-1
234,498,0,0.17314487632508835,unknown,-1
235,301,0,0.18478260869565216,unknown,-1
236,309,0,0.17032967032967034,unknown,-1
237,286,0,0.30409356725146197,unknown,-1
238,329,0,0.3282051282051282,unknown,-1
239,443,0,0.48520710059171596,unknown,-1
240,507,0,0.2898550724637681,unknown,-1
241,421,0,0.36507936507936506,unknown,-1
242,450,0,0.18466898954703834,unknown,-1
243,442,0,0.3684210526315789,unknown,-1
244,522,0,0.2090032154340836,unknown,-1
245,479,0,0.3219178082191781,unknown,-1
246,486,0,0.22162162162162163,unknown,-1
247,603,0,0.2712765957446808,unknown,-1
248,518,0,0.1580246913580247,unknown,-1
249,721,0,0.22538860103626943,unknown,-1
250,551,0,0.22568093385214008,unknown,-1
251,311,0,0.325,unknown,-1
252,398,0,0.17676767676767677,unknown,-1
253,115,0,0.10526315789473684,unknown,-1
254,236,0,0.7142857142857143,unknown,-1
255,232,0,0.07116104868913857,unknown,-1
256,562,0,0.1778975741239892,unknown,-1
257,587,0,0.2222222222222222,unknown,-1
258,589,0,0.3157894736842105,unknown,-1
259,557,0,0.1509433962264151,unknown,-1
260,562,0,0.20640569395017794,unknown,-1
261,366,0,0.32456140350877194,unknown,-1
262,434,0,0.332,unknown,-1
263,414,0,0.27419354838709675,unknown,-1
264,515,0,0.23372781065088757,unknown,-1
265,493,0,0.24316109422492402,unknown,-1
266,546,0,0.34210526315789475,unknown,-1
267,752,0,0.4027777777777778,unknown,-1
268,726,0,0.2755102040816326,unknown,-1
269,645,0,0.32131147540983607,unknown,-1
270,774,0,0.19832402234636873,unknown,-1
271,600,0,0.2865853658536585,unknown,-1
272,567,0,0.2861736334405145,unknown,-1
273,521,0,0.24148606811145512,unknown,-1
274,508,0,0.2983050847457627,unknown,-1
275,590,0,0.3264094955489614,unknown,-1
276,686,0,0.2955801104972376,unknown,-1
277,620,0,0.1791044776119403,unknown,-1
278,607,0,0.18006430868167203,unknown,-1
279,382,0,0.2911392405063291,unknown,-1
280,488,0,0.21388888888888888,unknown,-1
281,491,0,0.30337078651685395,unknown,-1
282,647,0,0.23759791122715404,unknown,-1
283,665,0,0.29133858267716534,unknown,-1
284,690,0,0.28720626631853785,unknown,-1
285,614,0,0.3770491803278688,unknown,-1
286,590,0,0.2604501607717042,unknown,-1
287,484,0,0.132013201320132,unknown,-1
288,339,0,0.19553072625698323,unknown,-1
289,126,0,0.1984732824427481,unknown,-1
290,268,0,0.4222222222222222,unknown,-1
291,115,0,0.056666666666666664,unknown,-1
292,706,0,0.2413793103448276,unknown,-1
293,470,0,0.11174785100286533,unknown,-1
294,319,0,0.12133891213389121,unknown,-1
295,240,0,0.16728624535315986,unknown,-1
296,501,0,0.3559870550161812,unknown,-1
297,615,0,0.16943521594684385,unknown,-1
298,244,0,0.1875,unknown,-1
299,253,0,0.0911854103343465,unknown,-1
300,773,0,0.2546419098143236,unknown,-1
301,601,0,0.10695187165775401,unknown,-1
302,562,0,0.2791519434628975,unknown,-1
303,530,0,0.30962343096234307,unknown,-1
304,549,0,0.2746478873239437,unknown,-1
305,611,0,0.30103806228373703,unknown,-1
306,556,0,0.3220338983050847,unknown,-1
307,609,0,0.33636363636363636,unknown,-1
308,601,0,0.24198250728862974,unknown,-1
309,591,0,0.38064516129032255,unknown,-1
310,579,0,0.4456140350877193,unknown,-1
311,567,0,0.28013029315960913,unknown,-1
312,631,0,0.28895184135977336,unknown,-1
313,649,0,0.27034120734908135,unknown,-1
314,626,0,0.27100271002710025,unknown,-1
315,641,0,0.3131868131868132,unknown,-1
316,638,0,0.2845528455284553,unknown,-1
317,633,0,0.29432624113475175,unknown,-1
318,305,0,0.13793103448275862,unknown,-1
319,342,0,0.15234375,unknown,-1
320,489,0,0.23893805309734514,unknown,-1
321,396,0,0.17272727272727273,unknown,-1
322,378,0,0.21243523316062177,unknown,-1
323,378,0,0.21287128712871287,unknown,-1
324,409,0,0.16145833333333334,unknown,-1
325,221,0,0.12334801762114538,unknown,-1
326,329,0,0.1717171717171717,unknown,-1
327,439,0,0.17403314917127072,unknown,-1
328,548,0,0.20588235294117646,unknown,-1
329,565,0,0.21727019498607242,unknown,-1
330,684,0,0.19662921348314608,unknown,-1
331,540,0,0.21910112359550563,unknown,-1
332,609,0,0.2126984126984127,unknown,-1
333,449,0,0.21266968325791855,unknown,-1
334,272,0,0.17716535433070865,unknown,-1
335,467,0,0.20765027322404372,unknown,-1
336,559,0,0.20612813370473537,unknown,-1
337,427,0,0.18873239436619718,unknown,-1
338,630,0,0.1855421686746988,unknown,-1
339,597,0,0.19270833333333334,unknown,-1
340,552,0,0.25,unknown,-1
341,548,0,0.16019417475728157,unknown,-1
342,769,0,0.2072072072072072,unknown,-1
343,655,0,0.21428571428571427,unknown,-1
344,662,0,0.28869047619047616,unknown,-1
345,561,0,0.268370607028754,unknown,-1
346,415,0,0.2585551330798479,unknown,-1
347,661,0,0.2964169381107492,unknown,-1
348,640,0,0.33429394812680113,unknown,-1
349,650,0,0.2140845070422535,unknown,-1
350,550,0,0.2136150234741784,unknown,-1
351,666,0,0.329923273657289,unknown,-1
352,584,0,0.29337539432176657,unknown,-1
353,663,0,0.2155688622754491,unknown,-1
354,605,0,0.255663430420712,unknown,-1
355,594,0,0.36977491961414793,unknown,-1
356,721,0,0.23768115942028986,unknown,-1
357,511,0,0.32432432432432434,unknown,-1
358,694,0,0.3063063063063063,unknown,-1
359,710,0,0.23303834808259588,unknown,-1
360,579,0,0.22281167108753316,unknown,-1
361,732,0,0.24873096446700507,unknown,-1
362,601,0,0.22965116279069767,unknown,-1
363,657,0,0.390625,unknown,-1
364,458,0,0.3940677966101695,unknown,-1
365,588,0,0.3895582329317269,unknown,-1
366,575,0,0.25951557093425603,unknown,-1
367,613,0,0.31417624521072796,unknown,-1
368,503,0,0.27314814814814814,unknown,-1
369,438,0,0.31390134529147984,unknown,-1
370,419,0,0.36428571428571427,unknown,-1
371,597,0,0.3964285714285714,unknown,-1
372,613,0,0.3311897106109325,unknown,-1
373,645,0,0.3344262295081967,unknown,-1
374,502,0,0.30851063829787234,unknown,-1
375,594,0,0.27635327635327633,unknown,-1
376,683,0,0.29329608938547486,unknown,-1
377,677,0,0.3475409836065574,unknown,-1
378,705,0,0.30246913580246915,unknown,-1
379,727,0,0.3741496598639456,unknown,-1
380,514,0,0.23670212765957446,unknown,-1
381,826,0,0.3220338983050847,unknown,-1
382,566,0,0.40441176470588236,unknown,-1
383,562,0,0.45081967213114754,unknown,-1
384,528,0,0.288135593220339,unknown,-1
385,597,0,0.2590529247910863,unknown,-1
386,751,0,0.35446685878962536,unknown,-1
387,680,0,0.2208955223880597,unknown,-1
388,549,0,0.3333333333333333,unknown,-1
389,520,0,0.36666666666666664,unknown,-1
390,604,0,0.22792022792022792,unknown,-1
391,561,0,0.29927007299270075,unknown,-1
392,454,0,0.3254901960784314,unknown,-1
393,507,0,0.304,unknown,-1
394,431,0,0.20655737704918034,unknown,-1
395,594,0,0.2742382271468144,unknown,-1
396,649,0,0.24390243902439024,unknown,-1
397,640,0,0.2857142857142857,unknown,-1
398,649,0,0.2797427652733119,unknown,-1
399,449,0,0.2824427480916031,unknown,-1
400,501,0,0.2490566037735849,unknown,-1
401,521,0,0.3391304347826087,unknown,-1
402,502,0,0.3041825095057034,unknown,-1
403,513,0,0.23344947735191637,unknown,-1
404,570,0,0.2873134328358209,unknown,-1
405,535,0,0.29411764705882354,unknown,-1
406,656,0,0.33447098976109213,unknown,-1
407,619,0,0.2765957446808511,unknown,-1
408,689,0,0.29411764705882354,unknown,-1
409,654,0,0.24210526315789474,unknown,-1
410,445,0,0.3768844221105528,unknown,-1
411,305,0,0.32270916334661354,unknown,-1
412,465,0,0.24477611940298508,unknown,-1
413,515,0,0.2910958904109589,unknown,-1
414,540,0,0.44280442804428044,unknown,-1
415,667,0,0.35782747603833864,unknown,-1
416,638,0,0.24850299401197604,unknown,-1
417,584,0,0.3333333333333333,unknown,-1
418,551,0,0.3977272727272727,unknown,-1
419,546,0,0.3204225352112676,unknown,-1
420,525,0,0.42857142857142855,unknown,-1
421,376,0,0.24056603773584906,unknown,-1
422,670,0,0.17338709677419356,unknown,-1
423,567,0,0.2965779467680608,unknown,-1
424,468,0,0.2403846153846154,unknown,-1
425,571,0,0.2618384401114206,unknown,-1
426,646,0,0.24610591900311526,unknown,-1
427,454,0,0.23076923076923078,unknown,-1
428,519,0,0.19078947368421054,unknown,-1
429,595,0,0.2857142857142857,unknown,-1
430,438,0,0.2775800711743772,unknown,-1
431,584,0,0.23809523809523808,unknown,-1
432,539,0,0.19822485207100593,unknown,-1
433,493,0,0.28619528619528617,unknown,-1
434,509,0,0.2987012987012987,unknown,-1
435,689,0,0.3042071197411003,unknown,-1
436,549,0,0.24545454545454545,unknown,-1
437,584,0,0.23008849557522124,unknown,-1
438,621,0,0.28716216216216217,unknown,-1
439,580,0,0.3443708609271523,unknown,-1
440,707,0,0.30363036303630364,unknown,-1
441,543,0,0.24152542372881355,unknown,-1
442,416,0,0.40372670807453415,unknown,-1
443,270,0,0.23706896551724138,unknown,-1
444,514,0,0.26644736842105265,unknown,-1
445,529,0,0.2175226586102719,unknown,-1
446,568,0,0.373134328358209,unknown,-1
447,604,0,0.42585551330798477,unknown,-1
448,638,0,0.2826855123674912,unknown,-1
449,374,0,0.2012987012987013,unknown,-1
450,631,0,0.3821656050955414,unknown,-1
451,622,0,0.32222222222222224,unknown,-1
452,598,0,0.2271186440677966,unknown,-1
453,638,0,0.3333333333333333,unknown,-1
454,626,0,0.3246753246753247,unknown,-1
455,601,0,0.1928020565552699,unknown,-1
456,604,0,0.24924924924924924,unknown,-1
457,470,0,0.2585034013605442,unknown,-1
458,494,0,0.2819672131147541,unknown,-1
459,510,0,0.2180232558139535,unknown,-1
460,537,0,0.2732732732732733,unknown,-1
461,647,0,0.2772585669781931,unknown,-1
462,610,0,0.21551724137931033,unknown,-1
463,548,0,0.20441988950276244,unknown,-1
464,623,0,0.27988338192419826,unknown,-1
465,544,0,0.26666666666666666,unknown,-1
466,550,0,0.30158730158730157,unknown,-1
467,536,0,0.35294117647058826,unknown,-1
468,545,0,0.5118110236220472,unknown,-1
469,576,0,0.49429657794676807,unknown,-1
470,521,0,0.3063973063973064,unknown,-1
471,631,0,0.2783171521035599,unknown,-1
472,498,0,0.35177865612648224,unknown,-1
473,367,0,0.2857142857142857,unknown,-1
474,578,0,0.2533783783783784,unknown,-1
475,549,0,0.3003533568904594,unknown,-1
476,562,0,0.29699248120300753,unknown,-1
477,562,0,0.27,unknown,-1
478,497,0,0.20540540540540542,unknown,-1
479,568,0,0.27129337539432175,unknown,-1
480,443,0,0.153125,unknown,-1
481,487,0,0.288135593220339,unknown,-1
482,447,0,0.26099706744868034,unknown,-1
483,620,0,0.1864406779661017,unknown,-1
484,640,0,0.3426791277258567,unknown,-1
485,453,0,0.23839009287925697,unknown,-1
486,555,0,0.32679738562091504,unknown,-1
487,576,0,0.3,unknown,-1
488,635,0,0.6396761133603239,unknown,-1
489,672,0,0.2755417956656347,unknown,-1
490,628,0,0.3313953488372093,unknown,-1
491,778,0,0.2604166666666667,unknown,-1
492,630,0,0.2697947214076246,unknown,-1
493,445,0,0.18849840255591055,unknown,-1
494,446,0,0.25252525252525254,unknown,-1
495,546,0,0.3497942386831276,unknown,-1
496,657,0,0.3140495867768595,unknown,-1
497,500,0,0.3832752613240418,unknown,-1
498,564,0,0.3282208588957055,unknown,-1
499,611,0,0.34023668639053256,unknown,-1
500,566,0,0.2543859649122807,unknown,-1
501,656,0,0.2993827160493827,unknown,-1
502,780,0,0.25252525252525254,unknown,-1
503,622,0,0.23248407643312102,unknown,-1
504,635,0,0.19142857142857142,unknown,-1
505,495,0,0.19795221843003413,unknown,-1
506,417,0,0.34099616858237547,unknown,-1
507,589,0,0.1986062717770035,unknown,-1
508,576,0,0.17266187050359713,unknown,-1
509,606,0,0.410958904109589,unknown,-1
510,724,0,0.1650485436893204,unknown,-1
511,556,0,0.2549019607843137,unknown,-1
512,424,0,0.4423791821561338,unknown,-1
513,519,0,0.24581005586592178,unknown,-1
514,535,0,0.19327731092436976,unknown,-1
515,560,0,0.24161073825503357,unknown,-1
516,491,0,0.27208480565371024,unknown,-1
517,459,0,0.31443298969072164,unknown,-1
518,94,0,0.18811881188118812,unknown,-1
519,461,0,0.36666666666666664,unknown,-1
520,413,0,0.32,unknown,-1
521,383,0,0.28193832599118945,unknown,-1
522,352,0,0.2823529411764706,unknown,-1
523,371,0,0.28076923076923077,unknown,-1
524,414,0,0.5412371134020618,unknown,-1
525,416,0,0.49214659685863876,unknown,-1
526,394,0,0.40454545454545454,unknown,-1
527,409,0,0.4155844155844156,unknown,-1
528,374,0,0.2713178294573643,unknown,-1
529,445,0,0.3452914798206278,unknown,-1
530,373,0,0.33663366336633666,unknown,-1
531,391,0,0.3798076923076923,unknown,-1
532,415,0,0.3472222222222222,unknown,-1
533,349,0,0.3125,unknown,-1
534,245,0,0.11711711711711711,unknown,-1
535,365,0,0.25339366515837103,unknown,-1
536,445,0,0.34183673469387754,unknown,-1
537,383,0,0.28402366863905326,unknown,-1
538,174,0,0.11494252873563218,unknown,-1
539,636,0,0.25914634146341464,unknown,-1
540,588,0,0.2408026755852843,unknown,-1
541,565,0,0.2757475083056478,unknown,-1
542,610,0,0.23076923076923078,unknown,-1
543,550,0,0.24079320113314448,unknown,-1
544,569,0,0.24611398963730569,unknown,-1
545,708,0,0.2602739726027397,unknown,-1
546,565,0,0.25,unknown,-1
547,521,0,0.19795221843003413,unknown,-1
548,414,0,0.1834319526627219,unknown,-1
549,632,0,0.2440944881889764,unknown,-1
550,598,0,0.31230283911671924,unknown,-1
551,659,0,0.22611464968152867,unknown,-1
552,575,0,0.30067567567567566,unknown,-1
553,563,0,0.23728813559322035,unknown,-1
554,659,0,0.41823899371069184,unknown,-1
555,646,0,0.27146814404432135,unknown,-1
556,674,0,0.2849740932642487,unknown,-1
557,670,0,0.21468926553672316,unknown,-1
558,474,0,0.264,unknown,-1
559,298,0,0.125,unknown,-1
560,481,0,0.26644736842105265,unknown,-1
561,492,0,0.2459016393442623,unknown,-1
562,533,0,0.2824675324675325,unknown,-1
563,619,0,0.2616822429906542,unknown,-1
564,482,0,0.20303030303030303,unknown,-1
565,584,0,0.2560553633217993,unknown,-1
566,501,0,0.2867383512544803,unknown,-1
567,543,0,0.2533783783783784,unknown,-1
568,502,0,0.2641509433962264,unknown,-1
569,521,0,0.12052117263843648,unknown,-1
570,233,0,0.25280898876404495,unknown,-1
571,271,0,0.26011560693641617,unknown,-1
572,254,0,0.19215686274509805,unknown,-1
573,505,0,0.2042042042042042,unknown,-1
574,583,0,0.2613981762917933,unknown,-1
575,518,0,0.2049469964664311,unknown,-1
576,304,0,0.26627218934911245,unknown,-1
577,222,0,0.16317991631799164,unknown,-1
578,489,0,0.2791411042944785,unknown,-1
579,712,0,0.16722408026755853,unknown,-1
580,362,0,0.1858108108108108,unknown,-1
581,784,0,0.21818181818181817,unknown,-1
582,412,0,0.23282442748091603,unknown,-1
583,288,0,0.3305785123966942,unknown,-1
584,438,0,0.45652173913043476,unknown,-1
585,329,0,0.38461538461538464,unknown,-1
586,355,0,0.5,unknown,-1
587,277,0,0.22641509433962265,unknown,-1
588,225,0,0.17117117117117117,unknown,-1
589,265,0,0.24644549763033174,unknown,-1
590,239,0,0.32786885245901637,unknown,-1
591,252,0,0.3597560975609756,unknown,-1
592,272,0,0.24242424242424243,unknown,-1
593,260,0,0.5348837209302325,unknown,-1
594,259,0,0.37254901960784315,unknown,-1
595,239,0,0.3050847457627119,unknown,-1
596,257,0,0.34868421052631576,unknown,-1
597,311,0,0.2857142857142857,unknown,-1
598,262,0,0.26582278481012656,unknown,-1
599,220,0,0.45751633986928103,unknown,-1
600,231,0,0.2689655172413793,unknown,-1
601,189,0,0.47368421052631576,unknown,-1
602,186,0,0.21052631578947367,unknown,-1
603,340,0,0.2892561983471074,unknown,-1
604,346,0,0.3090909090909091,unknown,-1
605,303,0,0.11594202898550725,unknown,-1
606,710,0,0.16901408450704225,unknown,-1
607,190,0,0.15566037735849056,unknown,-1
608,298,0,0.23574144486692014,unknown,-1
609,428,0,0.6825396825396826,unknown,-1
610,355,0,0.14754098360655737,unknown,-1
611,515,0,0.22392638036809817,unknown,-1
612,690,0,0.2,unknown,-1
613,589,0,0.06845965770171149,unknown,-1
614,1074,0,0.14334470989761092,unknown,-1
615,476,0,0.3165137614678899,unknown,-1
616,722,0,0.12624584717607973,unknown,-1
617,623,0,0.12709030100334448,unknown,-1
618,263,0,0.20306513409961685,unknown,-1
619,369,0,0.28523489932885904,unknown,-1
620,485,0,0.2908496732026144,unknown,-1
621,489,0,0.25732899022801303,unknown,-1
622,497,0,0.3310104529616725,unknown,-1
623,505,0,0.23826714801444043,unknown,-1
624,384,0,0.2878228782287823,unknown,-1
625,512,0,0.25163398692810457,unknown,-1
626,426,0,0.2534246575342466,unknown,-1
627,416,0,0.2727272727272727,unknown,-1
628,583,0,0.23547400611620795,unknown,-1
629,552,0,0.2572347266881029,unknown,-1
630,559,0,0.2750809061488673,unknown,-1
631,600,0,0.14057507987220447,unknown,-1
632,431,0,0.21454545454545454,unknown,-1
633,481,0,0.1887905604719764,unknown,-1
634,499,0,0.24857142857142858,unknown,-1
635,592,0,0.1867007672634271,unknown,-1
636,667,0,0.20921985815602837,unknown,-1
637,277,0,0.15950920245398773,unknown,-1
638,193,0,0.1488095238095238,unknown,-1
639,259,0,0.14383561643835616,unknown,-1
640,189,0,0.13245033112582782,unknown,-1
641,227,0,0.08904109589041095,unknown,-1
642,146,0,0.18181818181818182,unknown,-1
643,238,0,0.28,unknown,-1
644,228,0,0.5338983050847458,unknown,-1
645,233,0,0.17435897435897435,unknown,-1
646,354,0,0.250996015936255,unknown,-1
647,574,0,0.19434628975265017,unknown,-1
648,395,0,0.2152317880794702,unknown,-1
649,432,0,0.20224719101123595,unknown,-1
650,347,0,0.29333333333333333,unknown,-1
651,494,0,0.3008849557522124,unknown,-1
652,494,0,0.3111111111111111,unknown,-1
653,468,0,0.2827868852459016,unknown,-1
654,583,0,0.3188405797101449,unknown,-1
655,556,0,0.5291005291005291,unknown,-1
656,439,0,0.2843601895734597,unknown,-1
657,329,0,0.2222222222222222,unknown,-1
658,346,0,0.1422924901185771,unknown,-1
659,294,0,0.3404255319148936,unknown,-1
660,417,0,0.18867924528301888,unknown,-1
661,302,0,0.24561403508771928,unknown,-1
662,443,0,0.20098039215686275,unknown,-1
663,195,0,0.09424083769633508,unknown,-1
664,430,0,0.49142857142857144,unknown,-1
665,362,0,0.4639175257731959,unknown,-1
666,393,0,0.4375,unknown,-1
667,361,0,0.47305389221556887,unknown,-1
668,394,0,0.43258426966292135,unknown,-1
669,394,0,0.43010752688172044,unknown,-1
670,381,0,0.4126984126984127,unknown,-1
671,353,0,0.47959183673469385,unknown,-1
672,379,0,0.3177966101694915,unknown,-1
673,343,0,0.2169811320754717,unknown,-1
674,161,0,0.11442786069651742,unknown,-1
675,320,0,0.24369747899159663,unknown,-1
676,460,0,0.2345679012345679,unknown,-1
677,390,0,0.24888888888888888,unknown,-1
678,429,0,0.2544642857142857,unknown,-1
679,400,0,0.3898305084745763,unknown,-1
680,417,0,0.18848167539267016,unknown,-1
681,403,0,0.3825503355704698,unknown,-1
682,385,0,0.34375,unknown,-1
683,390,0,0.16030534351145037,unknown,-1
684,60,0,0.05853658536585366,unknown,-1
685,514,0,0.2724014336917563,unknown,-1
686,568,0,0.2491103202846975,unknown,-1
687,512,0,0.2,unknown,-1
688,732,0,0.2251655629139073,unknown,-1
689,466,0,0.22556390977443608,unknown,-1
690,331,0,0.18705035971223022,unknown,-1
691,481,0,0.24489795918367346,unknown,-1
692,291,0,0.22282608695652173,unknown,-1
693,343,0,0.2562814070351759,unknown,-1
694,456,0,0.30451127819548873,unknown,-1
695,617,0,0.35315985130111527,unknown,-1
696,481,0,0.29225352112676056,unknown,-1
697,430,0,0.246875,unknown,-1
698,487,0,0.28852459016393445,unknown,-1
699,561,0,0.29692832764505117,unknown,-1
700,503,0,0.21818181818181817,unknown,-1
701,350,0,0.2490272373540856,unknown,-1
702,398,0,0.25742574257425743,unknown,-1
703,576,0,0.23723723723723725,unknown,-1
704,672,0,0.2910958904109589,unknown,-1
705,541,0,0.3333333333333333,unknown,-1
706,388,0,0.336,unknown,-1
707,493,0,0.29190751445086704,unknown,-1
708,715,0,0.25526315789473686,unknown,-1
709,577,0,0.2903225806451613,unknown,-1
710,519,0,0.2735562310030395,unknown,-1
711,535,0,0.2819672131147541,unknown,-1
712,331,0,0.26666666666666666,unknown,-1
713,339,0,0.2147887323943662,unknown,-1
714,464,0,0.21311475409836064,unknown,-1
715,360,0,0.21107266435986158,unknown,-1
716,393,0,0.24333333333333335,unknown,-1
717,582,0,0.26490066225165565,unknown,-1
718,469,0,0.3288590604026846,unknown,-1
719,532,0,0.2898089171974522,unknown,-1
720,518,0,0.2631578947368421,unknown,-1
721,723,0,0.25333333333333335,unknown,-1
722,632,0,0.27722772277227725,unknown,-1
723,597,0,0.28994082840236685,unknown,-1
724,621,0,0.25142857142857145,unknown,-1
725,636,0,0.22560975609756098,unknown,-1
726,468,0,0.2459546925566343,unknown,-1
727,660,0,0.27009646302250806,unknown,-1
728,456,0,0.24842767295597484,unknown,-1
729,479,0,0.2686084142394822,unknown,-1
730,437,0,0.29818181818181816,unknown,-1
731,466,0,0.3003533568904594,unknown,-1
732,563,0,0.30223880597014924,unknown,-1
733,354,0,0.31140350877192985,unknown,-1
734,354,0,0.24305555555555555,unknown,-1
735,591,0,0.25787965616045844,unknown,-1
736,655,0,0.2710843373493976,unknown,-1
737,555,0,0.28753993610223644,unknown,-1
738,570,0,0.26,unknown,-1
739,475,0,0.34317343173431736,unknown,-1
740,540,0,0.22875816993464052,unknown,-1
741,486,0,0.20245398773006135,unknown,-1
742,540,0,0.27245508982035926,unknown,-1
743,575,0,0.23513513513513515,unknown,-1
744,577,0,0.26038781163434904,unknown,-1
745,560,0,0.2703583061889251,unknown,-1
746,579,0,0.3103448275862069,unknown,-1
747,598,0,0.29141104294478526,unknown,-1
748,546,0,0.25,unknown,-1
749,563,0,0.22140221402214022,unknown,-1
750,530,0,0.22093023255813954,unknown,-1
751,410,0,0.296551724137931,unknown,-1
752,508,0,0.2682119205298013,unknown,-1
753,530,0,0.20066889632107024,unknown,-1
754,484,0,0.2730627306273063,unknown,-1
755,586,0,0.26755852842809363,unknown,-1
756,549,0,0.3164983164983165,unknown,-1
757,569,0,0.31316725978647686,unknown,-1
758,588,0,0.41409691629955947,unknown,-1
759,497,0,0.3614457831325301,unknown,-1
760,667,0,0.41379310344827586,unknown,-1
761,564,0,0.43846153846153846,unknown,-1
762,624,0,0.3394495412844037,unknown,-1
763,727,0,0.3009118541033435,unknown,-1
764,548,0,0.31921824104234525,unknown,-1
765,614,0,0.2537764350453172,unknown,-1
766,611,0,0.2824675324675325,unknown,-1
767,643,0,0.2966666666666667,unknown,-1
768,530,0,0.3063973063973064,unknown,-1
769,483,0,0.30491803278688523,unknown,-1
770,634,0,0.21587301587301588,unknown,-1
771,644,0,0.3497942386831276,unknown,-1
772,561,0,0.2260061919504644,unknown,-1
773,626,0,0.2929936305732484,unknown,-1
774,521,0,0.3709090909090909,unknown,-1
775,711,0,0.3252279635258359,unknown,-1
776,722,0,0.31629392971246006,unknown,-1
777,589,0,0.3445692883895131,unknown,-1
778,542,0,0.22935779816513763,unknown,-1
779,583,0,0.2696629213483146,unknown,-1
780,683,0,0.3086053412462908,unknown,-1
781,667,0,0.3691275167785235,unknown,-1
782,610,0,0.30742049469964666,unknown,-1
783,479,0,0.2579505300353357,unknown,-1
784,469,0,0.22611464968152867,unknown,-1
785,568,0,0.27722772277227725,unknown,-1
786,615,0,0.32,unknown,-1
787,717,0,0.22333333333333333,unknown,-1
788,639,0,0.271505376344086,unknown,-1
789,764,0,0.35714285714285715,unknown,-1
790,626,0,0.25316455696202533,unknown,-1
791,432,0,0.8671875,unknown,-1
792,487,0,0.4306930693069307,unknown,-1
793,564,0,0.5288888888888889,unknown,-1
794,584,0,0.3739495798319328,unknown,-1
795,534,0,0.45544554455445546,unknown,-1
796,633,0,0.5207373271889401,unknown,-1
797,719,0,0.4756554307116105,unknown,-1
798,729,0,0.2894736842105263,unknown,-1
799,710,0,0.2349570200573066,unknown,-1
800,464,0,0.25,unknown,-1
801,581,0,0.254957507082153,unknown,-1
802,613,0,0.3010033444816054,unknown,-1
803,639,0,0.4396135265700483,unknown,-1
804,627,0,0.2222222222222222,unknown,-1
805,706,0,0.20608108108108109,unknown,-1
806,304,0,0.15337423312883436,unknown,-1
807,749,0,0.15469613259668508,unknown,-1
808,475,0,0.26022304832713755,unknown,-1
809,396,0,0.26693227091633465,unknown,-1
810,418,0,0.2567049808429119,unknown,-1
811,513,0,0.38461538461538464,unknown,-1
812,358,0,0.22093023255813954,unknown,-1
813,512,0,0.21052631578947367,unknown,-1
814,507,0,0.24110671936758893,unknown,-1
815,506,0,0.33495145631067963,unknown,-1
816,411,0,0.304,unknown,-1
817,542,0,0.3372093023255814,unknown,-1
818,480,0,0.35398230088495575,unknown,-1
819,468,0,0.3236514522821577,unknown,-1
820,544,0,0.31451612903225806,unknown,-1
821,468,0,0.31679389312977096,unknown,-1
822,657,0,0.17333333333333334,unknown,-1
823,225,0,0.1394422310756972,unknown,-1
824,598,0,0.32978723404255317,unknown,-1
825,544,0,0.2653061224489796,unknown,-1
826,510,0,0.25877192982456143,unknown,-1
827,489,0,0.1945945945945946,unknown,-1
828,250,0,0.09727626459143969,unknown,-1
829,583,0,0.279874213836478,unknown,-1
830,582,0,0.29,unknown,-1
831,528,0,0.24358974358974358,unknown,-1
832,628,0,0.23076923076923078,unknown,-1
833,641,0,0.21587301587301588,unknown,-1
834,506,0,0.26119402985074625,unknown,-1
835,555,0,0.29213483146067415,unknown,-1
836,616,0,0.303886925795053,unknown,-1
837,558,0,0.2608695652173913,unknown,-1
838,453,0,0.2757009345794392,unknown,-1
839,232,0,0.25,unknown,-1
840,449,0,0.3469387755102041,unknown,-1
841,546,0,0.2939189189189189,unknown,-1
842,628,0,0.32894736842105265,unknown,-1
843,594,0,0.3079470198675497,unknown,-1
844,617,0,0.3694029850746269,unknown,-1
845,623,0,0.25477707006369427,unknown,-1
846,582,0,0.2639751552795031,unknown,-1
847,551,0,0.2631578947368421,unknown,-1
848,633,0,0.2601880877742947,unknown,-1
849,605,0,0.3161094224924012,unknown,-1
850,567,0,0.250814332247557,unknown,-1
851,435,0,0.17142857142857143,unknown,-1
852,570,0,0.2670807453416149,unknown,-1
853,536,0,0.24550898203592814,unknown,-1
854,505,0,0.22641509433962265,unknown,-1
855,243,0,0.1572052401746725,unknown,-1
856,400,0,0.4008438818565401,unknown,-1
857,430,0,0.296,unknown,-1
858,299,0,0.0,unknown,-1
